OrderDetailID,OrderID,ProductID,Quantity,LineTotal
1,1,33,4,1142.04
2,1,30,5,3745.75
3,2,36,3,1821.39
4,2,10,4,1192.6
5,2,19,3,2345.91
6,3,40,3,367.89
7,4,12,1,789.85
8,4,28,1,746.74
9,5,8,3,861.15
10,5,2,1,257.52
11,6,15,5,1352.45
12,6,12,4,3159.4
13,7,9,3,1350.81
14,7,34,2,1479.88
15,7,5,4,2541.96
16,8,29,3,2226.93
17,9,36,3,1821.39
18,9,43,1,269.72
19,9,27,1,29.73
20,10,49,4,78.16
21,10,17,2,1980.72
22,11,43,5,1348.6
23,11,35,4,584.6
24,12,25,5,3792.4
25,12,6,2,263.94
26,13,20,4,2351.48
27,14,49,4,78.16
28,14,38,5,1484.5
29,14,14,3,2774.55
30,15,27,5,148.65
31,15,40,3,367.89
32,16,18,1,139.76
33,16,30,1,749.15
34,16,31,5,3578.2
35,17,22,3,352.89
36,18,3,5,4488.2
37,18,14,4,3699.4
38,18,1,4,2522.48
39,19,35,3,438.45
40,19,15,5,1352.45
41,19,33,1,285.51
42,20,26,4,3121.88
43,20,26,5,3902.35
44,20,25,5,3792.4
45,21,34,4,2959.76
46,21,35,4,584.6
47,22,7,3,310.86
48,23,47,4,3242.2
49,23,24,5,3522.0
50,24,26,5,3902.35
51,25,15,4,1081.96
52,26,9,4,1801.08
53,27,29,4,2969.24
54,27,33,3,856.53
55,27,26,2,1560.94
56,28,41,3,2877.03
57,29,2,3,772.56
58,30,44,3,1544.07
59,30,11,5,1745.0
60,31,24,2,1408.8
61,31,32,2,969.4
62,31,21,1,148.87
63,32,34,5,3699.7
64,32,2,2,515.04
65,33,4,4,195.08
66,34,22,2,235.26
67,35,18,3,419.28
68,36,46,1,273.64
69,37,26,5,3902.35
70,37,36,1,607.13
71,38,25,2,1516.96
72,38,32,1,484.7
73,39,20,5,2939.35
74,39,8,1,287.05
75,40,34,2,1479.88
76,41,38,5,1484.5
77,41,21,2,297.74
78,42,39,5,2581.15
79,43,46,5,1368.2
80,44,8,4,1148.2
81,44,26,4,3121.88
82,45,42,1,36.64
83,46,42,3,109.92
84,46,5,5,3177.45
85,47,48,4,3695.84
86,48,13,3,2594.58
87,49,13,5,4324.3
88,50,41,5,4795.05
89,50,6,2,263.94
90,51,27,5,148.65
91,51,21,4,595.48
92,51,40,1,122.63
93,52,46,2,547.28
94,53,15,1,270.49
95,53,29,1,742.31
96,53,12,4,3159.4
97,54,37,4,1768.88
98,54,33,2,571.02
99,55,11,2,698.0
100,55,26,1,780.47
101,55,36,2,1214.26
102,56,2,5,1287.6
103,56,12,1,789.85
104,56,37,2,884.44
105,57,7,1,103.62
106,57,6,1,131.97
107,58,43,3,809.16
108,58,12,5,3949.25
109,58,25,2,1516.96
110,59,5,5,3177.45
111,59,22,5,588.15
112,60,20,1,587.87
113,61,33,3,856.53
114,62,50,4,2811.76
115,62,33,5,1427.55
116,63,13,4,3459.44
117,64,41,5,4795.05
118,65,17,5,4951.8
119,66,44,5,2573.45
120,66,33,1,285.51
121,67,44,1,514.69
122,68,12,4,3159.4
123,68,33,1,285.51
124,69,8,1,287.05
125,69,25,4,3033.92
126,69,49,2,39.08
127,70,21,1,148.87
128,70,21,1,148.87
129,71,14,1,924.85
130,72,22,4,470.52
131,73,3,4,3590.56
132,73,12,4,3159.4
133,74,35,4,584.6
134,74,31,4,2862.56
135,75,33,5,1427.55
136,75,1,4,2522.48
137,76,27,5,148.65
138,77,22,1,117.63
139,78,43,2,539.44
140,78,31,4,2862.56
141,79,44,2,1029.38
142,80,7,5,518.1
143,80,40,1,122.63
144,81,39,1,516.23
145,81,22,1,117.63
146,81,30,4,2996.6
147,82,9,5,2251.35
148,83,13,5,4324.3
149,84,5,5,3177.45
150,85,16,5,1868.8
151,85,21,2,297.74
152,86,22,5,588.15
153,86,24,2,1408.8
154,87,34,1,739.94
155,87,4,4,195.08
156,87,27,5,148.65
157,88,20,3,1763.61
158,88,28,2,1493.48
159,89,8,4,1148.2
160,89,37,1,442.22
161,90,47,2,1621.1
162,90,14,1,924.85
163,90,22,3,352.89
164,91,6,1,131.97
165,91,13,4,3459.44
166,92,49,1,19.54
167,92,24,4,2817.6
168,92,44,4,2058.76
169,93,26,2,1560.94
170,93,41,2,1918.02
171,93,35,4,584.6
172,94,19,5,3909.85
173,95,2,1,257.52
174,95,6,4,527.88
175,96,10,4,1192.6
176,96,25,2,1516.96
177,96,35,5,730.75
178,97,34,1,739.94
179,98,40,5,613.15
180,98,24,1,704.4
181,98,9,4,1801.08
182,99,4,1,48.77
183,99,18,2,279.52
184,99,1,4,2522.48
185,100,24,2,1408.8
186,101,45,2,962.26
187,101,22,3,352.89
188,102,33,4,1142.04
189,102,29,5,3711.55
190,102,20,1,587.87
191,103,8,2,574.1
192,104,45,1,481.13
193,104,39,4,2064.92
194,104,8,2,574.1
195,105,12,2,1579.7
196,106,13,1,864.86
197,107,19,1,781.97
198,107,6,5,659.85
199,108,46,5,1368.2
200,108,28,5,3733.7
201,109,45,4,1924.52
202,110,31,2,1431.28
203,110,4,3,146.31
204,111,25,3,2275.44
205,112,23,4,332.44
206,113,23,3,249.33
207,113,17,4,3961.44
208,113,37,5,2211.1
209,114,32,1,484.7
210,114,39,3,1548.69
211,114,4,1,48.77
212,115,23,3,249.33
213,115,8,2,574.1
214,116,7,4,414.48
215,117,27,3,89.19
216,118,38,2,593.8
217,119,19,5,3909.85
218,120,34,3,2219.82
219,120,33,3,856.53
220,121,49,3,58.62
221,122,48,4,3695.84
222,123,1,3,1891.86
223,123,3,3,2692.92
224,124,19,3,2345.91
225,124,33,3,856.53
226,124,8,4,1148.2
227,125,39,5,2581.15
228,125,14,4,3699.4
229,125,24,2,1408.8
230,126,2,2,515.04
231,127,10,2,596.3
232,127,36,2,1214.26
233,128,49,5,97.7
234,128,20,5,2939.35
235,129,46,4,1094.56
236,130,17,4,3961.44
237,130,10,2,596.3
238,131,46,5,1368.2
239,131,5,5,3177.45
240,132,38,2,593.8
241,133,35,2,292.3
242,133,47,2,1621.1
243,134,19,3,2345.91
244,134,26,2,1560.94
245,134,30,1,749.15
246,135,19,3,2345.91
247,135,5,2,1270.98
248,135,21,2,297.74
249,136,19,3,2345.91
250,136,18,3,419.28
251,136,41,1,959.01
252,137,19,4,3127.88
253,138,46,4,1094.56
254,139,34,1,739.94
255,139,1,1,630.62
256,139,26,4,3121.88
257,140,19,4,3127.88
258,141,11,2,698.0
259,141,46,1,273.64
260,142,48,2,1847.92
261,142,39,5,2581.15
262,142,32,1,484.7
263,143,5,1,635.49
264,143,11,3,1047.0
265,143,7,2,207.24
266,144,22,1,117.63
267,144,3,2,1795.28
268,144,43,4,1078.88
269,145,5,4,2541.96
270,146,13,4,3459.44
271,146,8,5,1435.25
272,147,12,3,2369.55
273,147,28,1,746.74
274,148,5,4,2541.96
275,148,49,4,78.16
276,149,38,4,1187.6
277,149,39,2,1032.46
278,149,44,2,1029.38
279,150,41,5,4795.05
280,150,37,1,442.22
281,150,44,1,514.69
282,151,26,5,3902.35
283,151,45,1,481.13
284,151,30,3,2247.45
285,152,38,2,593.8
286,152,38,5,1484.5
287,152,10,1,298.15
288,153,23,4,332.44
289,154,49,2,39.08
290,155,28,5,3733.7
291,155,16,1,373.76
292,156,27,4,118.92
293,156,13,1,864.86
294,156,6,5,659.85
295,157,12,3,2369.55
296,158,36,4,2428.52
297,158,21,4,595.48
298,159,47,2,1621.1
299,160,20,2,1175.74
300,160,11,5,1745.0
301,161,37,2,884.44
302,162,29,3,2226.93
303,162,24,5,3522.0
304,162,33,2,571.02
305,163,40,5,613.15
306,163,40,3,367.89
307,163,50,3,2108.82
308,164,28,5,3733.7
309,164,3,5,4488.2
310,164,48,4,3695.84
311,165,3,3,2692.92
312,166,4,3,146.31
313,166,47,4,3242.2
314,166,33,5,1427.55
315,167,8,5,1435.25
316,167,5,1,635.49
317,167,45,1,481.13
318,168,18,2,279.52
319,168,2,1,257.52
320,168,25,5,3792.4
321,169,7,1,103.62
322,169,46,5,1368.2
323,170,35,2,292.3
324,171,43,5,1348.6
325,171,31,2,1431.28
326,172,17,4,3961.44
327,172,38,5,1484.5
328,173,30,4,2996.6
329,173,7,1,103.62
330,174,31,1,715.64
331,174,10,4,1192.6
332,175,9,3,1350.81
333,175,2,1,257.52
334,176,2,2,515.04
335,176,30,3,2247.45
336,177,27,4,118.92
337,178,45,5,2405.65
338,179,47,4,3242.2
339,180,11,3,1047.0
340,181,42,5,183.2
341,181,15,2,540.98
342,182,13,2,1729.72
343,183,2,3,772.56
344,183,17,1,990.36
345,184,12,5,3949.25
346,184,18,4,559.04
347,184,2,1,257.52
348,185,32,3,1454.1
349,186,45,4,1924.52
350,187,31,3,2146.92
351,188,13,2,1729.72
352,188,8,1,287.05
353,188,49,3,58.62
354,189,50,3,2108.82
355,189,31,1,715.64
356,189,43,2,539.44
357,190,31,3,2146.92
358,190,14,1,924.85
359,190,49,2,39.08
360,191,35,5,730.75
361,191,10,3,894.45
362,192,44,5,2573.45
363,193,39,4,2064.92
364,194,29,3,2226.93
365,195,24,2,1408.8
366,195,21,1,148.87
367,196,8,3,861.15
368,196,18,1,139.76
369,196,38,2,593.8
370,197,6,2,263.94
371,197,50,2,1405.88
372,197,26,1,780.47
373,198,44,1,514.69
374,198,4,1,48.77
375,198,16,4,1495.04
376,199,40,4,490.52
377,199,5,2,1270.98
378,199,49,1,19.54
379,200,47,5,4052.75
380,201,7,2,207.24
381,201,36,2,1214.26
382,201,42,3,109.92
383,202,14,5,4624.25
384,202,43,2,539.44
385,202,34,2,1479.88
386,203,15,3,811.47
387,203,29,5,3711.55
388,204,21,5,744.35
389,205,28,1,746.74
390,205,20,3,1763.61
391,205,6,4,527.88
392,206,27,5,148.65
393,207,48,3,2771.88
394,208,28,4,2986.96
395,208,4,4,195.08
396,209,2,2,515.04
397,209,28,1,746.74
398,209,44,5,2573.45
399,210,29,2,1484.62
400,210,28,2,1493.48
401,211,23,3,249.33
402,212,8,5,1435.25
403,212,44,1,514.69
404,212,6,1,131.97
405,213,20,3,1763.61
406,213,24,2,1408.8
407,213,45,5,2405.65
408,214,47,3,2431.65
409,214,13,3,2594.58
410,215,14,5,4624.25
411,216,4,2,97.54
412,216,22,3,352.89
413,217,38,5,1484.5
414,218,26,3,2341.41
415,219,49,4,78.16
416,220,33,2,571.02
417,220,45,1,481.13
418,220,50,2,1405.88
419,221,28,4,2986.96
420,222,28,2,1493.48
421,222,16,5,1868.8
422,223,44,3,1544.07
423,223,8,5,1435.25
424,223,19,4,3127.88
425,224,11,1,349.0
426,224,5,1,635.49
427,225,46,5,1368.2
428,225,46,5,1368.2
429,225,13,2,1729.72
430,226,36,4,2428.52
431,226,48,3,2771.88
432,227,20,1,587.87
433,228,5,2,1270.98
434,228,34,3,2219.82
435,228,35,5,730.75
436,229,21,4,595.48
437,230,10,4,1192.6
438,230,23,4,332.44
439,231,8,2,574.1
440,231,9,3,1350.81
441,231,6,5,659.85
442,232,30,4,2996.6
443,232,46,2,547.28
444,233,12,2,1579.7
445,233,19,2,1563.94
446,234,36,1,607.13
447,235,33,2,571.02
448,235,8,5,1435.25
449,236,33,1,285.51
450,237,48,2,1847.92
451,237,39,3,1548.69
452,238,50,2,1405.88
453,239,16,4,1495.04
454,239,18,2,279.52
455,240,43,3,809.16
456,241,2,1,257.52
457,242,10,2,596.3
458,242,36,2,1214.26
459,243,47,1,810.55
460,243,13,4,3459.44
461,243,18,1,139.76
462,244,48,3,2771.88
463,245,5,4,2541.96
464,246,23,5,415.55
465,246,50,2,1405.88
466,247,44,3,1544.07
467,248,12,1,789.85
468,248,2,3,772.56
469,249,47,1,810.55
470,249,18,4,559.04
471,250,6,2,263.94
472,250,29,2,1484.62
473,251,46,4,1094.56
474,251,46,5,1368.2
475,251,2,4,1030.08
476,252,31,5,3578.2
477,252,30,2,1498.3
478,253,37,2,884.44
479,254,37,1,442.22
480,254,8,5,1435.25
481,255,17,4,3961.44
482,255,5,5,3177.45
483,256,23,3,249.33
484,257,49,1,19.54
485,258,44,3,1544.07
486,259,10,1,298.15
487,260,43,4,1078.88
488,260,15,1,270.49
489,260,2,4,1030.08
490,261,7,2,207.24
491,262,18,3,419.28
492,263,26,4,3121.88
493,264,39,5,2581.15
494,264,37,4,1768.88
495,265,1,5,3153.1
496,265,6,5,659.85
497,265,25,3,2275.44
498,266,7,2,207.24
499,266,37,5,2211.1
500,266,26,4,3121.88
501,267,46,4,1094.56
502,267,29,2,1484.62
503,267,19,2,1563.94
504,268,39,3,1548.69
505,268,15,2,540.98
506,269,41,3,2877.03
507,269,47,3,2431.65
508,269,10,2,596.3
509,270,1,1,630.62
510,270,21,1,148.87
511,270,2,1,257.52
512,271,22,3,352.89
513,271,47,2,1621.1
514,271,40,3,367.89
515,272,32,2,969.4
516,272,33,3,856.53
517,273,44,1,514.69
518,273,18,3,419.28
519,274,26,4,3121.88
520,274,45,3,1443.39
521,274,22,2,235.26
522,275,31,2,1431.28
523,275,2,3,772.56
524,275,10,1,298.15
525,276,8,5,1435.25
526,276,23,2,166.22
527,277,39,4,2064.92
528,277,43,5,1348.6
529,278,46,5,1368.2
530,278,4,3,146.31
531,278,7,4,414.48
532,279,13,2,1729.72
533,279,22,1,117.63
534,279,44,2,1029.38
535,280,47,3,2431.65
536,280,45,1,481.13
537,280,23,2,166.22
538,281,27,1,29.73
539,281,4,2,97.54
540,281,23,5,415.55
541,282,4,1,48.77
542,282,46,2,547.28
543,282,23,5,415.55
544,283,32,3,1454.1
545,283,20,3,1763.61
546,283,9,5,2251.35
547,284,17,2,1980.72
548,284,21,2,297.74
549,285,41,1,959.01
550,285,30,2,1498.3
551,285,35,1,146.15
552,286,24,1,704.4
553,287,40,3,367.89
554,287,28,3,2240.22
555,288,31,5,3578.2
556,288,41,2,1918.02
557,288,40,2,245.26
558,289,22,4,470.52
559,289,40,3,367.89
560,289,1,2,1261.24
561,290,2,4,1030.08
562,290,1,5,3153.1
563,291,50,3,2108.82
564,291,6,1,131.97
565,291,50,5,3514.7
566,292,3,2,1795.28
567,292,23,3,249.33
568,293,1,3,1891.86
569,294,43,3,809.16
570,294,4,1,48.77
571,295,34,5,3699.7
572,295,46,1,273.64
573,295,46,2,547.28
574,296,44,5,2573.45
575,296,41,4,3836.04
576,296,42,1,36.64
577,297,14,2,1849.7
578,297,22,1,117.63
579,298,46,1,273.64
580,298,40,1,122.63
581,299,20,2,1175.74
582,299,5,5,3177.45
583,299,4,2,97.54
584,300,4,5,243.85
585,300,31,3,2146.92
586,300,42,5,183.2
587,301,23,2,166.22
588,301,50,1,702.94
589,302,13,2,1729.72
590,302,42,2,73.28
591,303,32,5,2423.5
592,303,2,4,1030.08
593,303,36,3,1821.39
594,304,41,2,1918.02
595,304,19,4,3127.88
596,305,35,2,292.3
597,305,49,2,39.08
598,305,3,5,4488.2
599,306,8,1,287.05
600,306,44,4,2058.76
601,307,31,1,715.64
602,308,33,2,571.02
603,308,5,3,1906.47
604,308,45,1,481.13
605,309,17,4,3961.44
606,309,17,2,1980.72
607,310,22,3,352.89
608,311,24,4,2817.6
609,311,39,5,2581.15
610,312,25,5,3792.4
611,313,13,4,3459.44
612,313,13,1,864.86
613,313,30,5,3745.75
614,314,3,5,4488.2
615,314,35,4,584.6
616,315,33,3,856.53
617,316,21,3,446.61
618,316,16,1,373.76
619,316,42,3,109.92
620,317,16,1,373.76
621,317,21,5,744.35
622,318,33,3,856.53
623,318,30,2,1498.3
624,319,30,5,3745.75
625,320,26,4,3121.88
626,320,46,1,273.64
627,321,49,2,39.08
628,321,20,4,2351.48
629,321,20,3,1763.61
630,322,17,3,2971.08
631,322,25,3,2275.44
632,323,3,5,4488.2
633,324,6,1,131.97
634,325,40,3,367.89
635,326,19,3,2345.91
636,326,39,3,1548.69
637,327,19,5,3909.85
638,327,14,3,2774.55
639,327,26,2,1560.94
640,328,17,1,990.36
641,328,48,2,1847.92
642,329,3,3,2692.92
643,329,39,3,1548.69
644,329,46,4,1094.56
645,330,43,4,1078.88
646,331,11,4,1396.0
647,331,23,3,249.33
648,332,48,2,1847.92
649,332,43,4,1078.88
650,333,48,5,4619.8
651,333,10,2,596.3
652,334,19,1,781.97
653,335,13,2,1729.72
654,335,2,3,772.56
655,335,30,5,3745.75
656,336,46,3,820.92
657,336,39,2,1032.46
658,336,39,4,2064.92
659,337,30,2,1498.3
660,337,39,4,2064.92
661,338,21,5,744.35
662,339,40,4,490.52
663,340,48,3,2771.88
664,341,42,1,36.64
665,341,43,5,1348.6
666,342,39,3,1548.69
667,342,40,2,245.26
668,343,22,3,352.89
669,343,34,1,739.94
670,344,4,2,97.54
671,345,6,4,527.88
672,346,1,3,1891.86
673,346,32,5,2423.5
674,347,8,1,287.05
675,347,40,1,122.63
676,348,4,4,195.08
677,348,9,4,1801.08
678,349,2,1,257.52
679,349,4,4,195.08
680,349,44,2,1029.38
681,350,42,4,146.56
682,350,42,5,183.2
683,351,30,3,2247.45
684,351,18,5,698.8
685,351,47,2,1621.1
686,352,15,3,811.47
687,353,49,4,78.16
688,353,30,3,2247.45
689,354,20,1,587.87
690,355,49,3,58.62
691,356,22,4,470.52
692,356,31,2,1431.28
693,357,47,4,3242.2
694,357,38,2,593.8
695,358,32,1,484.7
696,359,15,3,811.47
697,359,29,4,2969.24
698,360,4,4,195.08
699,360,32,3,1454.1
700,361,23,2,166.22
701,361,41,1,959.01
702,361,42,2,73.28
703,362,28,5,3733.7
704,363,5,5,3177.45
705,363,24,4,2817.6
706,364,41,5,4795.05
707,364,26,3,2341.41
708,365,6,1,131.97
709,366,16,5,1868.8
710,366,46,1,273.64
711,367,39,5,2581.15
712,368,5,4,2541.96
713,368,38,1,296.9
714,369,9,1,450.27
715,369,22,3,352.89
716,370,16,3,1121.28
717,371,38,4,1187.6
718,371,38,5,1484.5
719,372,28,2,1493.48
720,372,49,3,58.62
721,373,10,4,1192.6
722,373,32,5,2423.5
723,373,26,1,780.47
724,374,39,3,1548.69
725,374,13,4,3459.44
726,374,18,3,419.28
727,375,41,5,4795.05
728,376,10,5,1490.75
729,377,15,4,1081.96
730,377,18,3,419.28
731,377,14,3,2774.55
732,378,1,5,3153.1
733,379,29,2,1484.62
734,380,29,2,1484.62
735,380,44,2,1029.38
736,381,19,3,2345.91
737,381,44,1,514.69
738,381,42,2,73.28
739,382,5,4,2541.96
740,383,48,2,1847.92
741,384,9,1,450.27
742,385,12,1,789.85
743,385,14,3,2774.55
744,385,1,4,2522.48
745,386,12,1,789.85
746,386,23,1,83.11
747,386,3,4,3590.56
748,387,16,5,1868.8
749,387,45,5,2405.65
750,388,29,4,2969.24
751,388,11,3,1047.0
752,388,29,2,1484.62
753,389,32,5,2423.5
754,390,17,2,1980.72
755,390,10,2,596.3
756,390,27,5,148.65
757,391,17,2,1980.72
758,392,16,4,1495.04
759,393,6,3,395.91
760,393,42,2,73.28
761,393,9,1,450.27
762,394,3,3,2692.92
763,394,6,1,131.97
764,394,38,1,296.9
765,395,29,2,1484.62
766,395,14,4,3699.4
767,395,41,1,959.01
768,396,3,4,3590.56
769,396,1,1,630.62
770,397,48,2,1847.92
771,397,25,2,1516.96
772,398,40,5,613.15
773,398,43,5,1348.6
774,399,40,5,613.15
775,399,11,3,1047.0
776,400,17,5,4951.8
777,401,33,1,285.51
778,401,15,3,811.47
779,401,46,5,1368.2
780,402,23,2,166.22
781,402,4,2,97.54
782,402,24,1,704.4
783,403,27,4,118.92
784,403,46,4,1094.56
785,404,36,1,607.13
786,405,37,2,884.44
787,405,17,3,2971.08
788,406,32,4,1938.8
789,406,27,5,148.65
790,406,34,1,739.94
791,407,10,2,596.3
792,407,38,2,593.8
793,407,37,2,884.44
794,408,49,3,58.62
795,408,17,2,1980.72
796,408,26,1,780.47
797,409,16,1,373.76
798,410,17,3,2971.08
799,410,10,2,596.3
800,410,7,2,207.24
801,411,43,2,539.44
802,411,27,1,29.73
803,411,29,3,2226.93
804,412,38,2,593.8
805,412,14,5,4624.25
806,412,15,2,540.98
807,413,11,2,698.0
808,413,7,4,414.48
809,414,15,2,540.98
810,415,23,3,249.33
811,415,20,5,2939.35
812,415,17,5,4951.8
813,416,34,4,2959.76
814,416,5,2,1270.98
815,416,13,3,2594.58
816,417,23,3,249.33
817,417,49,4,78.16
818,418,30,2,1498.3
819,418,49,3,58.62
820,418,44,3,1544.07
821,419,9,5,2251.35
822,420,24,4,2817.6
823,420,23,5,415.55
824,421,13,2,1729.72
825,421,28,3,2240.22
826,421,18,5,698.8
827,422,48,2,1847.92
828,422,24,5,3522.0
829,422,41,4,3836.04
830,423,12,3,2369.55
831,424,39,4,2064.92
832,424,5,1,635.49
833,424,26,4,3121.88
834,425,13,5,4324.3
835,425,23,3,249.33
836,425,24,2,1408.8
837,426,39,1,516.23
838,427,38,3,890.7
839,427,49,2,39.08
840,428,26,1,780.47
841,429,11,3,1047.0
842,430,12,4,3159.4
843,430,30,2,1498.3
844,430,3,5,4488.2
845,431,4,4,195.08
846,431,47,1,810.55
847,431,45,2,962.26
848,432,7,3,310.86
849,432,24,3,2113.2
850,433,20,4,2351.48
851,433,27,2,59.46
852,434,30,2,1498.3
853,435,49,2,39.08
854,435,44,2,1029.38
855,436,3,4,3590.56
856,437,25,4,3033.92
857,437,24,2,1408.8
858,437,22,5,588.15
859,438,27,5,148.65
860,438,25,1,758.48
861,439,20,4,2351.48
862,439,34,3,2219.82
863,440,35,4,584.6
864,440,26,5,3902.35
865,440,36,4,2428.52
866,441,24,3,2113.2
867,442,3,1,897.64
868,443,16,2,747.52
869,443,30,4,2996.6
870,443,14,5,4624.25
871,444,45,2,962.26
872,445,30,2,1498.3
873,445,37,5,2211.1
874,446,30,1,749.15
875,447,14,5,4624.25
876,448,7,3,310.86
877,448,21,3,446.61
878,449,9,1,450.27
879,449,47,5,4052.75
880,449,32,2,969.4
881,450,3,2,1795.28
882,450,5,1,635.49
883,451,34,4,2959.76
884,451,35,1,146.15
885,452,24,1,704.4
886,452,21,2,297.74
887,452,13,4,3459.44
888,453,4,3,146.31
889,453,8,1,287.05
890,454,11,2,698.0
891,455,38,3,890.7
892,455,11,5,1745.0
893,455,30,5,3745.75
894,456,44,1,514.69
895,456,20,2,1175.74
896,456,11,3,1047.0
897,457,22,5,588.15
898,457,10,4,1192.6
899,458,39,1,516.23
900,458,35,2,292.3
901,459,4,2,97.54
902,460,18,5,698.8
903,461,9,2,900.54
904,461,9,3,1350.81
905,461,39,1,516.23
906,462,40,3,367.89
907,463,42,5,183.2
908,463,47,2,1621.1
909,464,27,4,118.92
910,465,20,3,1763.61
911,465,4,2,97.54
912,465,4,5,243.85
913,466,36,4,2428.52
914,466,12,3,2369.55
915,467,17,3,2971.08
916,467,33,5,1427.55
917,467,18,3,419.28
918,468,30,5,3745.75
919,468,22,4,470.52
920,468,44,5,2573.45
921,469,16,3,1121.28
922,470,7,5,518.1
923,470,49,1,19.54
924,471,4,1,48.77
925,472,4,4,195.08
926,472,11,4,1396.0
927,473,8,1,287.05
928,474,35,3,438.45
929,474,38,3,890.7
930,474,20,4,2351.48
931,475,14,3,2774.55
932,475,18,4,559.04
933,476,34,3,2219.82
934,476,12,3,2369.55
935,476,3,2,1795.28
936,477,6,5,659.85
937,477,24,1,704.4
938,477,31,4,2862.56
939,478,29,1,742.31
940,478,5,4,2541.96
941,478,7,3,310.86
942,479,8,4,1148.2
943,480,2,1,257.52
944,481,5,4,2541.96
945,482,15,2,540.98
946,483,27,5,148.65
947,483,1,3,1891.86
948,483,7,4,414.48
949,484,24,1,704.4
950,484,28,2,1493.48
951,485,27,4,118.92
952,485,3,4,3590.56
953,486,26,5,3902.35
954,486,13,1,864.86
955,486,29,2,1484.62
956,487,8,4,1148.2
957,487,13,1,864.86
958,487,13,1,864.86
959,488,37,2,884.44
960,489,49,5,97.7
961,489,11,4,1396.0
962,489,3,4,3590.56
963,490,46,4,1094.56
964,491,27,5,148.65
965,491,17,2,1980.72
966,491,35,5,730.75
967,492,41,1,959.01
968,492,28,2,1493.48
969,493,4,1,48.77
970,493,1,1,630.62
971,493,50,1,702.94
972,494,18,5,698.8
973,494,41,2,1918.02
974,495,10,3,894.45
975,495,8,4,1148.2
976,496,2,5,1287.6
977,496,27,1,29.73
978,496,2,1,257.52
979,497,1,2,1261.24
980,497,25,3,2275.44
981,497,49,2,39.08
982,498,22,3,352.89
983,498,7,3,310.86
984,499,37,5,2211.1
985,499,25,5,3792.4
986,500,44,2,1029.38
987,501,29,5,3711.55
988,502,46,4,1094.56
989,502,33,1,285.51
990,503,23,2,166.22
991,504,46,3,820.92
992,505,17,1,990.36
993,505,35,3,438.45
994,505,12,5,3949.25
995,506,27,4,118.92
996,507,28,5,3733.7
997,507,30,3,2247.45
998,507,37,4,1768.88
999,508,22,3,352.89
1000,508,33,1,285.51
1001,508,45,4,1924.52
1002,509,25,5,3792.4
1003,509,48,2,1847.92
1004,509,25,1,758.48
1005,510,32,1,484.7
1006,510,39,2,1032.46
1007,511,9,5,2251.35
1008,511,24,4,2817.6
1009,511,45,5,2405.65
1010,512,26,5,3902.35
1011,513,30,4,2996.6
1012,514,37,1,442.22
1013,515,6,4,527.88
1014,516,42,2,73.28
1015,516,29,4,2969.24
1016,516,45,2,962.26
1017,517,23,5,415.55
1018,517,48,5,4619.8
1019,517,8,4,1148.2
1020,518,21,4,595.48
1021,518,29,2,1484.62
1022,518,23,3,249.33
1023,519,49,1,19.54
1024,519,45,5,2405.65
1025,519,28,1,746.74
1026,520,50,5,3514.7
1027,520,37,3,1326.66
1028,520,24,4,2817.6
1029,521,21,3,446.61
1030,522,43,4,1078.88
1031,522,43,1,269.72
1032,522,4,1,48.77
1033,523,19,5,3909.85
1034,523,45,5,2405.65
1035,524,28,2,1493.48
1036,524,50,3,2108.82
1037,524,29,3,2226.93
1038,525,40,4,490.52
1039,525,40,5,613.15
1040,526,35,3,438.45
1041,527,46,1,273.64
1042,527,47,3,2431.65
1043,528,15,3,811.47
1044,528,10,2,596.3
1045,528,42,3,109.92
1046,529,28,3,2240.22
1047,529,47,5,4052.75
1048,529,11,4,1396.0
1049,530,24,3,2113.2
1050,530,31,2,1431.28
1051,531,36,1,607.13
1052,531,18,5,698.8
1053,531,33,3,856.53
1054,532,23,1,83.11
1055,532,3,3,2692.92
1056,532,30,2,1498.3
1057,533,43,1,269.72
1058,533,32,2,969.4
1059,533,27,5,148.65
1060,534,5,5,3177.45
1061,535,41,5,4795.05
1062,535,34,2,1479.88
1063,536,33,3,856.53
1064,537,8,5,1435.25
1065,538,19,3,2345.91
1066,539,28,5,3733.7
1067,539,42,5,183.2
1068,539,22,2,235.26
1069,540,1,2,1261.24
1070,540,1,4,2522.48
1071,541,11,3,1047.0
1072,541,11,4,1396.0
1073,542,4,4,195.08
1074,542,1,5,3153.1
1075,542,30,4,2996.6
1076,543,30,2,1498.3
1077,543,39,2,1032.46
1078,543,44,4,2058.76
1079,544,23,5,415.55
1080,545,7,2,207.24
1081,545,25,5,3792.4
1082,545,46,4,1094.56
1083,546,4,3,146.31
1084,547,20,2,1175.74
1085,547,8,2,574.1
1086,548,49,2,39.08
1087,548,26,5,3902.35
1088,549,46,3,820.92
1089,550,22,3,352.89
1090,551,43,1,269.72
1091,552,36,4,2428.52
1092,552,18,1,139.76
1093,553,37,2,884.44
1094,553,18,5,698.8
1095,554,6,3,395.91
1096,555,45,2,962.26
1097,555,6,4,527.88
1098,555,50,5,3514.7
1099,556,26,2,1560.94
1100,556,11,4,1396.0
1101,556,48,4,3695.84
1102,557,17,2,1980.72
1103,557,27,5,148.65
1104,557,2,5,1287.6
1105,558,9,2,900.54
1106,559,38,4,1187.6
1107,560,33,5,1427.55
1108,560,10,2,596.3
1109,560,48,5,4619.8
1110,561,40,1,122.63
1111,561,46,4,1094.56
1112,561,12,5,3949.25
1113,562,38,1,296.9
1114,562,8,1,287.05
1115,563,5,5,3177.45
1116,564,37,4,1768.88
1117,564,42,5,183.2
1118,564,34,2,1479.88
1119,565,27,4,118.92
1120,565,23,3,249.33
1121,565,36,1,607.13
1122,566,29,1,742.31
1123,567,34,4,2959.76
1124,567,16,4,1495.04
1125,568,25,5,3792.4
1126,569,36,3,1821.39
1127,569,13,2,1729.72
1128,569,49,3,58.62
1129,570,20,3,1763.61
1130,570,21,1,148.87
1131,570,21,1,148.87
1132,571,13,4,3459.44
1133,572,49,5,97.7
1134,573,17,2,1980.72
1135,573,47,3,2431.65
1136,574,46,4,1094.56
1137,574,1,1,630.62
1138,574,35,2,292.3
1139,575,17,4,3961.44
1140,576,39,1,516.23
1141,577,17,5,4951.8
1142,577,48,3,2771.88
1143,577,33,5,1427.55
1144,578,39,4,2064.92
1145,578,21,5,744.35
1146,578,37,1,442.22
1147,579,25,2,1516.96
1148,579,31,4,2862.56
1149,580,36,4,2428.52
1150,581,45,4,1924.52
1151,582,45,3,1443.39
1152,582,45,5,2405.65
1153,582,12,3,2369.55
1154,583,43,4,1078.88
1155,583,49,2,39.08
1156,583,50,3,2108.82
1157,584,28,2,1493.48
1158,585,38,5,1484.5
1159,586,21,2,297.74
1160,586,9,2,900.54
1161,587,29,1,742.31
1162,588,48,1,923.96
1163,588,37,5,2211.1
1164,588,12,5,3949.25
1165,589,37,4,1768.88
1166,590,16,4,1495.04
1167,590,28,3,2240.22
1168,591,2,4,1030.08
1169,591,45,1,481.13
1170,592,42,1,36.64
1171,592,20,5,2939.35
1172,592,27,3,89.19
1173,593,31,3,2146.92
1174,594,46,3,820.92
1175,595,4,3,146.31
1176,595,30,4,2996.6
1177,596,40,5,613.15
1178,597,26,5,3902.35
1179,597,26,4,3121.88
1180,597,39,3,1548.69
1181,598,24,4,2817.6
1182,598,50,3,2108.82
1183,599,44,4,2058.76
1184,599,20,4,2351.48
1185,600,7,2,207.24
1186,600,22,2,235.26
1187,600,33,4,1142.04
1188,601,32,2,969.4
1189,601,42,4,146.56
1190,602,5,2,1270.98
1191,602,40,1,122.63
1192,602,30,5,3745.75
1193,603,11,4,1396.0
1194,603,21,4,595.48
1195,604,7,4,414.48
1196,605,27,2,59.46
1197,605,48,2,1847.92
1198,605,7,5,518.1
1199,606,41,5,4795.05
1200,607,22,5,588.15
1201,607,10,5,1490.75
1202,608,14,5,4624.25
1203,609,37,4,1768.88
1204,609,49,3,58.62
1205,610,15,2,540.98
1206,610,41,3,2877.03
1207,611,18,1,139.76
1208,611,14,3,2774.55
1209,611,46,3,820.92
1210,612,18,2,279.52
1211,612,20,4,2351.48
1212,612,14,4,3699.4
1213,613,24,4,2817.6
1214,613,39,3,1548.69
1215,614,17,1,990.36
1216,614,2,3,772.56
1217,614,3,5,4488.2
1218,615,30,5,3745.75
1219,616,47,4,3242.2
1220,617,22,4,470.52
1221,618,20,1,587.87
1222,618,28,2,1493.48
1223,619,42,2,73.28
1224,619,25,1,758.48
1225,619,32,2,969.4
1226,620,7,2,207.24
1227,620,7,2,207.24
1228,621,32,3,1454.1
1229,621,21,2,297.74
1230,622,48,1,923.96
1231,623,8,3,861.15
1232,623,10,3,894.45
1233,623,31,1,715.64
1234,624,30,5,3745.75
1235,624,2,5,1287.6
1236,624,28,3,2240.22
1237,625,48,3,2771.88
1238,625,19,1,781.97
1239,626,27,1,29.73
1240,627,23,5,415.55
1241,627,48,5,4619.8
1242,628,40,1,122.63
1243,628,50,1,702.94
1244,628,11,4,1396.0
1245,629,35,3,438.45
1246,629,6,4,527.88
1247,629,10,4,1192.6
1248,630,45,4,1924.52
1249,631,37,5,2211.1
1250,631,28,5,3733.7
1251,631,16,4,1495.04
1252,632,35,5,730.75
1253,632,45,5,2405.65
1254,633,13,2,1729.72
1255,633,8,4,1148.2
1256,634,35,4,584.6
1257,635,1,4,2522.48
1258,635,27,4,118.92
1259,636,48,2,1847.92
1260,636,29,3,2226.93
1261,636,21,3,446.61
1262,637,38,1,296.9
1263,637,27,4,118.92
1264,638,10,1,298.15
1265,639,18,5,698.8
1266,639,35,1,146.15
1267,640,47,5,4052.75
1268,640,5,1,635.49
1269,641,29,5,3711.55
1270,642,22,4,470.52
1271,642,14,3,2774.55
1272,642,4,3,146.31
1273,643,37,4,1768.88
1274,643,20,2,1175.74
1275,643,36,3,1821.39
1276,644,45,1,481.13
1277,644,42,1,36.64
1278,644,27,5,148.65
1279,645,37,4,1768.88
1280,646,34,4,2959.76
1281,647,49,4,78.16
1282,648,26,3,2341.41
1283,648,46,4,1094.56
1284,648,1,5,3153.1
1285,649,8,1,287.05
1286,649,39,2,1032.46
1287,649,9,4,1801.08
1288,650,13,5,4324.3
1289,650,9,1,450.27
1290,650,17,4,3961.44
1291,651,29,3,2226.93
1292,651,36,4,2428.52
1293,651,15,3,811.47
1294,652,31,1,715.64
1295,652,22,5,588.15
1296,653,21,2,297.74
1297,653,42,4,146.56
1298,653,31,1,715.64
1299,654,1,3,1891.86
1300,654,13,4,3459.44
1301,654,20,3,1763.61
1302,655,16,2,747.52
1303,656,43,2,539.44
1304,656,40,4,490.52
1305,656,25,4,3033.92
1306,657,19,1,781.97
1307,657,40,2,245.26
1308,658,42,4,146.56
1309,658,41,3,2877.03
1310,658,46,3,820.92
1311,659,41,3,2877.03
1312,659,3,4,3590.56
1313,659,18,4,559.04
1314,660,35,2,292.3
1315,661,29,5,3711.55
1316,661,19,5,3909.85
1317,661,21,4,595.48
1318,662,15,5,1352.45
1319,662,20,4,2351.48
1320,663,16,3,1121.28
1321,663,27,4,118.92
1322,664,22,4,470.52
1323,665,45,2,962.26
1324,666,19,5,3909.85
1325,666,38,4,1187.6
1326,666,39,2,1032.46
1327,667,31,3,2146.92
1328,668,11,4,1396.0
1329,668,36,5,3035.65
1330,668,10,5,1490.75
1331,669,48,1,923.96
1332,670,18,5,698.8
1333,670,40,4,490.52
1334,671,8,4,1148.2
1335,672,1,4,2522.48
1336,673,22,4,470.52
1337,673,46,5,1368.2
1338,674,42,5,183.2
1339,674,26,4,3121.88
1340,674,16,4,1495.04
1341,675,45,3,1443.39
1342,675,38,2,593.8
1343,675,20,4,2351.48
1344,676,47,2,1621.1
1345,676,25,1,758.48
1346,676,12,2,1579.7
1347,677,19,2,1563.94
1348,677,42,3,109.92
1349,677,50,1,702.94
1350,678,41,5,4795.05
1351,678,40,2,245.26
1352,679,21,2,297.74
1353,679,43,2,539.44
1354,679,14,1,924.85
1355,680,19,3,2345.91
1356,681,27,2,59.46
1357,681,13,3,2594.58
1358,682,4,5,243.85
1359,683,2,3,772.56
1360,683,32,2,969.4
1361,683,29,1,742.31
1362,684,15,2,540.98
1363,684,48,5,4619.8
1364,684,30,2,1498.3
1365,685,44,5,2573.45
1366,685,36,3,1821.39
1367,686,40,2,245.26
1368,686,41,5,4795.05
1369,687,41,2,1918.02
1370,688,48,3,2771.88
1371,688,34,3,2219.82
1372,688,37,1,442.22
1373,689,1,5,3153.1
1374,689,27,2,59.46
1375,689,25,5,3792.4
1376,690,41,5,4795.05
1377,690,24,3,2113.2
1378,690,12,4,3159.4
1379,691,9,2,900.54
1380,691,37,3,1326.66
1381,692,6,4,527.88
1382,692,48,2,1847.92
1383,692,4,4,195.08
1384,693,29,5,3711.55
1385,693,40,2,245.26
1386,693,17,5,4951.8
1387,694,16,2,747.52
1388,695,30,2,1498.3
1389,696,28,4,2986.96
1390,696,17,3,2971.08
1391,697,7,4,414.48
1392,697,14,3,2774.55
1393,698,48,3,2771.88
1394,698,17,2,1980.72
1395,698,10,4,1192.6
1396,699,40,5,613.15
1397,699,40,5,613.15
1398,700,8,2,574.1
1399,700,29,5,3711.55
1400,700,3,4,3590.56
1401,701,38,3,890.7
1402,701,40,1,122.63
1403,701,12,5,3949.25
1404,702,18,4,559.04
1405,702,8,1,287.05
1406,702,7,4,414.48
1407,703,31,2,1431.28
1408,704,15,3,811.47
1409,705,40,4,490.52
1410,706,50,1,702.94
1411,706,39,2,1032.46
1412,706,26,1,780.47
1413,707,28,4,2986.96
1414,708,37,3,1326.66
1415,709,36,5,3035.65
1416,709,34,3,2219.82
1417,710,25,2,1516.96
1418,711,20,2,1175.74
1419,712,3,1,897.64
1420,712,14,2,1849.7
1421,712,3,4,3590.56
1422,713,40,5,613.15
1423,713,41,3,2877.03
1424,714,28,2,1493.48
1425,714,10,2,596.3
1426,714,30,2,1498.3
1427,715,17,1,990.36
1428,716,18,5,698.8
1429,716,14,5,4624.25
1430,717,4,2,97.54
1431,718,16,1,373.76
1432,718,9,1,450.27
1433,718,13,1,864.86
1434,719,48,4,3695.84
1435,720,16,4,1495.04
1436,720,42,5,183.2
1437,721,2,2,515.04
1438,721,19,2,1563.94
1439,722,16,2,747.52
1440,722,24,3,2113.2
1441,722,17,5,4951.8
1442,723,37,3,1326.66
1443,724,18,3,419.28
1444,725,5,3,1906.47
1445,726,28,1,746.74
1446,726,47,1,810.55
1447,727,19,4,3127.88
1448,727,30,4,2996.6
1449,727,19,1,781.97
1450,728,38,5,1484.5
1451,728,8,1,287.05
1452,728,50,5,3514.7
1453,729,48,1,923.96
1454,729,2,3,772.56
1455,730,24,4,2817.6
1456,730,13,4,3459.44
1457,730,31,4,2862.56
1458,731,28,5,3733.7
1459,731,33,1,285.51
1460,732,6,5,659.85
1461,732,7,1,103.62
1462,733,41,2,1918.02
1463,733,30,2,1498.3
1464,733,9,5,2251.35
1465,734,24,5,3522.0
1466,735,10,1,298.15
1467,735,32,3,1454.1
1468,736,29,3,2226.93
1469,737,48,3,2771.88
1470,737,1,5,3153.1
1471,737,1,3,1891.86
1472,738,42,4,146.56
1473,738,18,1,139.76
1474,739,45,4,1924.52
1475,739,45,3,1443.39
1476,740,25,5,3792.4
1477,741,30,1,749.15
1478,741,14,5,4624.25
1479,742,32,3,1454.1
1480,743,30,2,1498.3
1481,744,47,3,2431.65
1482,744,42,5,183.2
1483,744,49,2,39.08
1484,745,35,1,146.15
1485,745,13,2,1729.72
1486,746,30,5,3745.75
1487,746,23,1,83.11
1488,746,12,4,3159.4
1489,747,44,5,2573.45
1490,747,41,3,2877.03
1491,748,27,3,89.19
1492,748,3,5,4488.2
1493,749,27,2,59.46
1494,749,30,2,1498.3
1495,750,37,3,1326.66
1496,750,26,5,3902.35
1497,751,20,4,2351.48
1498,751,21,1,148.87
1499,752,49,3,58.62
1500,752,41,1,959.01
1501,753,24,2,1408.8
1502,753,49,1,19.54
1503,754,5,5,3177.45
1504,754,9,2,900.54
1505,755,15,3,811.47
1506,756,23,4,332.44
1507,756,45,3,1443.39
1508,756,32,5,2423.5
1509,757,16,4,1495.04
1510,758,22,5,588.15
1511,759,6,3,395.91
1512,759,1,3,1891.86
1513,760,50,1,702.94
1514,760,6,2,263.94
1515,760,48,1,923.96
1516,761,23,2,166.22
1517,762,4,4,195.08
1518,762,38,2,593.8
1519,763,2,3,772.56
1520,763,29,1,742.31
1521,763,17,1,990.36
1522,764,30,3,2247.45
1523,765,45,2,962.26
1524,765,37,1,442.22
1525,766,41,3,2877.03
1526,767,40,3,367.89
1527,767,2,1,257.52
1528,767,35,4,584.6
1529,768,23,2,166.22
1530,768,8,1,287.05
1531,768,19,5,3909.85
1532,769,35,5,730.75
1533,770,29,4,2969.24
1534,770,50,1,702.94
1535,770,41,4,3836.04
1536,771,47,2,1621.1
1537,772,35,3,438.45
1538,772,36,5,3035.65
1539,773,21,1,148.87
1540,773,5,3,1906.47
1541,773,28,4,2986.96
1542,774,2,3,772.56
1543,774,31,2,1431.28
1544,774,35,3,438.45
1545,775,12,3,2369.55
1546,776,22,1,117.63
1547,776,2,2,515.04
1548,776,14,1,924.85
1549,777,13,2,1729.72
1550,777,45,5,2405.65
1551,778,20,1,587.87
1552,779,13,3,2594.58
1553,780,34,1,739.94
1554,781,24,3,2113.2
1555,782,37,2,884.44
1556,783,3,4,3590.56
1557,783,5,2,1270.98
1558,783,17,3,2971.08
1559,784,22,3,352.89
1560,784,22,1,117.63
1561,784,11,5,1745.0
1562,785,34,5,3699.7
1563,786,18,5,698.8
1564,786,4,3,146.31
1565,787,18,2,279.52
1566,787,16,1,373.76
1567,788,38,1,296.9
1568,789,7,2,207.24
1569,790,42,4,146.56
1570,790,25,5,3792.4
1571,791,42,1,36.64
1572,791,18,1,139.76
1573,792,48,1,923.96
1574,792,7,2,207.24
1575,792,5,2,1270.98
1576,793,7,3,310.86
1577,793,35,3,438.45
1578,793,3,3,2692.92
1579,794,16,3,1121.28
1580,794,22,1,117.63
1581,794,32,1,484.7
1582,795,9,4,1801.08
1583,795,17,2,1980.72
1584,795,3,4,3590.56
1585,796,41,3,2877.03
1586,796,35,4,584.6
1587,797,44,4,2058.76
1588,797,35,5,730.75
1589,797,21,2,297.74
1590,798,1,4,2522.48
1591,798,13,5,4324.3
1592,798,43,5,1348.6
1593,799,5,2,1270.98
1594,799,40,1,122.63
1595,799,44,5,2573.45
1596,800,24,1,704.4
1597,800,39,3,1548.69
1598,800,24,4,2817.6
1599,801,33,3,856.53
1600,801,7,4,414.48
1601,801,28,4,2986.96
1602,802,2,2,515.04
1603,803,41,4,3836.04
1604,804,49,2,39.08
1605,804,6,1,131.97
1606,805,33,2,571.02
1607,805,15,5,1352.45
1608,805,2,5,1287.6
1609,806,12,4,3159.4
1610,806,12,1,789.85
1611,807,41,5,4795.05
1612,807,26,1,780.47
1613,808,21,4,595.48
1614,808,46,5,1368.2
1615,809,16,2,747.52
1616,809,1,4,2522.48
1617,810,34,3,2219.82
1618,811,47,1,810.55
1619,811,31,3,2146.92
1620,811,7,1,103.62
1621,812,15,3,811.47
1622,812,24,5,3522.0
1623,813,4,4,195.08
1624,814,40,2,245.26
1625,815,12,1,789.85
1626,815,18,2,279.52
1627,815,30,4,2996.6
1628,816,44,5,2573.45
1629,817,13,1,864.86
1630,818,28,5,3733.7
1631,818,6,3,395.91
1632,818,35,1,146.15
1633,819,30,3,2247.45
1634,819,47,4,3242.2
1635,819,49,3,58.62
1636,820,4,2,97.54
1637,820,42,2,73.28
1638,820,16,1,373.76
1639,821,46,3,820.92
1640,822,43,4,1078.88
1641,822,28,3,2240.22
1642,822,30,1,749.15
1643,823,38,5,1484.5
1644,824,24,1,704.4
1645,824,15,1,270.49
1646,825,3,5,4488.2
1647,825,25,1,758.48
1648,825,42,5,183.2
1649,826,16,1,373.76
1650,826,50,3,2108.82
1651,826,37,5,2211.1
1652,827,1,4,2522.48
1653,828,47,4,3242.2
1654,828,35,3,438.45
1655,828,17,3,2971.08
1656,829,10,2,596.3
1657,829,18,2,279.52
1658,829,43,2,539.44
1659,830,12,5,3949.25
1660,831,19,2,1563.94
1661,831,36,2,1214.26
1662,832,35,3,438.45
1663,832,34,2,1479.88
1664,833,46,4,1094.56
1665,833,15,3,811.47
1666,834,32,1,484.7
1667,835,11,4,1396.0
1668,835,20,5,2939.35
1669,835,6,5,659.85
1670,836,14,2,1849.7
1671,837,5,2,1270.98
1672,837,37,3,1326.66
1673,838,6,2,263.94
1674,838,29,4,2969.24
1675,838,47,2,1621.1
1676,839,21,4,595.48
1677,839,34,2,1479.88
1678,839,45,4,1924.52
1679,840,23,3,249.33
1680,841,4,4,195.08
1681,841,36,3,1821.39
1682,841,15,1,270.49
1683,842,10,3,894.45
1684,842,48,3,2771.88
1685,842,12,3,2369.55
1686,843,24,4,2817.6
1687,843,39,5,2581.15
1688,843,37,3,1326.66
1689,844,21,1,148.87
1690,844,32,4,1938.8
1691,845,3,3,2692.92
1692,845,43,5,1348.6
1693,845,18,1,139.76
1694,846,47,2,1621.1
1695,847,33,1,285.51
1696,848,20,2,1175.74
1697,849,43,1,269.72
1698,849,2,2,515.04
1699,849,3,2,1795.28
1700,850,3,1,897.64
1701,851,48,5,4619.8
1702,851,35,2,292.3
1703,851,3,4,3590.56
1704,852,48,4,3695.84
1705,853,5,5,3177.45
1706,854,13,1,864.86
1707,855,34,3,2219.82
1708,856,4,3,146.31
1709,856,25,5,3792.4
1710,857,40,5,613.15
1711,858,41,1,959.01
1712,858,29,1,742.31
1713,859,28,3,2240.22
1714,859,12,1,789.85
1715,860,5,2,1270.98
1716,860,35,5,730.75
1717,861,1,2,1261.24
1718,861,36,3,1821.39
1719,862,15,5,1352.45
1720,863,42,5,183.2
1721,864,21,2,297.74
1722,864,11,2,698.0
1723,865,1,4,2522.48
1724,866,8,4,1148.2
1725,867,7,2,207.24
1726,867,29,1,742.31
1727,868,8,2,574.1
1728,868,18,2,279.52
1729,868,3,1,897.64
1730,869,42,2,73.28
1731,869,38,1,296.9
1732,869,6,3,395.91
1733,870,43,3,809.16
1734,870,42,3,109.92
1735,871,37,4,1768.88
1736,871,20,2,1175.74
1737,872,31,4,2862.56
1738,872,31,3,2146.92
1739,872,39,1,516.23
1740,873,18,1,139.76
1741,873,12,1,789.85
1742,874,9,2,900.54
1743,874,46,2,547.28
1744,874,16,3,1121.28
1745,875,17,2,1980.72
1746,876,42,5,183.2
1747,876,20,5,2939.35
1748,876,43,5,1348.6
1749,877,3,5,4488.2
1750,878,40,4,490.52
1751,878,26,2,1560.94
1752,878,12,1,789.85
1753,879,7,4,414.48
1754,879,13,5,4324.3
1755,880,41,1,959.01
1756,880,29,4,2969.24
1757,881,13,2,1729.72
1758,882,46,5,1368.2
1759,883,26,4,3121.88
1760,884,8,3,861.15
1761,884,35,3,438.45
1762,885,9,1,450.27
1763,885,5,5,3177.45
1764,885,37,4,1768.88
1765,886,9,4,1801.08
1766,887,14,3,2774.55
1767,887,5,2,1270.98
1768,887,1,4,2522.48
1769,888,21,1,148.87
1770,889,17,3,2971.08
1771,889,11,4,1396.0
1772,889,45,2,962.26
1773,890,34,3,2219.82
1774,890,43,1,269.72
1775,891,11,2,698.0
1776,891,35,5,730.75
1777,891,13,3,2594.58
1778,892,44,1,514.69
1779,892,26,5,3902.35
1780,893,12,1,789.85
1781,894,3,2,1795.28
1782,894,49,1,19.54
1783,895,11,4,1396.0
1784,895,12,1,789.85
1785,896,3,2,1795.28
1786,897,28,2,1493.48
1787,898,22,2,235.26
1788,899,15,5,1352.45
1789,899,41,5,4795.05
1790,900,28,3,2240.22
1791,901,27,3,89.19
1792,901,44,1,514.69
1793,901,49,4,78.16
1794,902,23,1,83.11
1795,902,26,2,1560.94
1796,903,43,2,539.44
1797,904,14,5,4624.25
1798,905,24,5,3522.0
1799,906,20,4,2351.48
1800,907,41,5,4795.05
1801,908,33,3,856.53
1802,909,1,3,1891.86
1803,909,36,5,3035.65
1804,910,5,5,3177.45
1805,910,44,2,1029.38
1806,911,41,1,959.01
1807,912,27,3,89.19
1808,912,34,4,2959.76
1809,912,14,5,4624.25
1810,913,11,3,1047.0
1811,913,41,5,4795.05
1812,913,11,5,1745.0
1813,914,29,1,742.31
1814,915,16,2,747.52
1815,915,11,4,1396.0
1816,915,40,2,245.26
1817,916,32,2,969.4
1818,916,17,2,1980.72
1819,917,46,2,547.28
1820,917,40,5,613.15
1821,918,12,1,789.85
1822,918,12,1,789.85
1823,919,6,5,659.85
1824,919,42,4,146.56
1825,920,40,3,367.89
1826,920,30,3,2247.45
1827,920,17,3,2971.08
1828,921,31,4,2862.56
1829,921,10,3,894.45
1830,922,48,5,4619.8
1831,922,14,4,3699.4
1832,923,33,2,571.02
1833,924,10,2,596.3
1834,924,24,5,3522.0
1835,925,26,5,3902.35
1836,925,45,4,1924.52
1837,925,8,1,287.05
1838,926,39,2,1032.46
1839,927,2,1,257.52
1840,927,9,2,900.54
1841,927,17,1,990.36
1842,928,41,2,1918.02
1843,928,39,1,516.23
1844,928,45,3,1443.39
1845,929,19,4,3127.88
1846,930,37,3,1326.66
1847,930,49,3,58.62
1848,930,43,4,1078.88
1849,931,20,3,1763.61
1850,931,27,5,148.65
1851,932,27,4,118.92
1852,932,44,2,1029.38
1853,932,3,5,4488.2
1854,933,18,2,279.52
1855,933,47,4,3242.2
1856,934,32,4,1938.8
1857,934,32,5,2423.5
1858,934,22,3,352.89
1859,935,21,2,297.74
1860,935,20,4,2351.48
1861,935,2,1,257.52
1862,936,30,3,2247.45
1863,937,16,3,1121.28
1864,938,5,2,1270.98
1865,938,45,5,2405.65
1866,939,7,2,207.24
1867,939,12,2,1579.7
1868,940,25,1,758.48
1869,940,3,1,897.64
1870,940,19,3,2345.91
1871,941,38,1,296.9
1872,941,26,5,3902.35
1873,942,22,5,588.15
1874,942,14,3,2774.55
1875,942,43,1,269.72
1876,943,11,1,349.0
1877,943,50,1,702.94
1878,944,28,3,2240.22
1879,945,49,1,19.54
1880,946,38,1,296.9
1881,946,48,5,4619.8
1882,946,47,4,3242.2
1883,947,6,4,527.88
1884,947,45,4,1924.52
1885,947,46,3,820.92
1886,948,13,1,864.86
1887,948,21,5,744.35
1888,948,31,4,2862.56
1889,949,41,2,1918.02
1890,949,8,4,1148.2
1891,950,40,2,245.26
1892,951,30,4,2996.6
1893,951,36,4,2428.52
1894,951,49,4,78.16
1895,952,6,3,395.91
1896,952,13,1,864.86
1897,952,10,3,894.45
1898,953,24,2,1408.8
1899,953,33,1,285.51
1900,953,48,3,2771.88
1901,954,19,3,2345.91
1902,954,45,2,962.26
1903,954,25,1,758.48
1904,955,24,1,704.4
1905,956,50,2,1405.88
1906,956,35,1,146.15
1907,956,7,3,310.86
1908,957,13,4,3459.44
1909,957,28,1,746.74
1910,957,5,2,1270.98
1911,958,35,4,584.6
1912,959,3,2,1795.28
1913,959,36,1,607.13
1914,959,20,1,587.87
1915,960,22,4,470.52
1916,960,35,3,438.45
1917,960,14,2,1849.7
1918,961,26,2,1560.94
1919,961,3,4,3590.56
1920,962,30,1,749.15
1921,962,46,5,1368.2
1922,962,49,1,19.54
1923,963,6,2,263.94
1924,963,21,1,148.87
1925,963,49,2,39.08
1926,964,21,1,148.87
1927,965,11,2,698.0
1928,965,49,4,78.16
1929,965,34,3,2219.82
1930,966,6,2,263.94
1931,966,14,4,3699.4
1932,967,13,3,2594.58
1933,967,12,3,2369.55
1934,967,27,5,148.65
1935,968,35,3,438.45
1936,968,10,1,298.15
1937,969,14,1,924.85
1938,969,31,2,1431.28
1939,970,13,2,1729.72
1940,970,7,1,103.62
1941,970,41,5,4795.05
1942,971,21,3,446.61
1943,971,28,3,2240.22
1944,971,11,3,1047.0
1945,972,2,3,772.56
1946,972,21,2,297.74
1947,973,48,4,3695.84
1948,974,31,5,3578.2
1949,975,47,4,3242.2
1950,975,37,4,1768.88
1951,976,36,1,607.13
1952,977,37,2,884.44
1953,977,42,5,183.2
1954,978,42,1,36.64
1955,978,19,2,1563.94
1956,978,16,5,1868.8
1957,979,4,2,97.54
1958,980,37,4,1768.88
1959,980,39,4,2064.92
1960,980,50,1,702.94
1961,981,15,1,270.49
1962,981,44,1,514.69
1963,981,48,2,1847.92
1964,982,47,4,3242.2
1965,982,48,3,2771.88
1966,983,23,3,249.33
1967,983,34,5,3699.7
1968,984,41,1,959.01
1969,984,40,5,613.15
1970,984,47,5,4052.75
1971,985,41,3,2877.03
1972,986,41,2,1918.02
1973,987,36,4,2428.52
1974,987,20,1,587.87
1975,988,32,2,969.4
1976,988,12,1,789.85
1977,988,45,3,1443.39
1978,989,49,2,39.08
1979,989,43,2,539.44
1980,990,7,2,207.24
1981,991,9,1,450.27
1982,991,23,2,166.22
1983,992,20,4,2351.48
1984,992,19,2,1563.94
1985,992,39,5,2581.15
1986,993,26,1,780.47
1987,994,29,1,742.31
1988,995,6,2,263.94
1989,995,50,2,1405.88
1990,996,7,4,414.48
1991,996,30,2,1498.3
1992,997,22,4,470.52
1993,998,19,3,2345.91
1994,999,47,4,3242.2
1995,999,8,3,861.15
1996,999,7,2,207.24
1997,1000,36,1,607.13
1998,1001,43,2,539.44
1999,1002,41,3,2877.03
2000,1003,47,3,2431.65
2001,1003,17,3,2971.08
2002,1003,41,3,2877.03
2003,1004,12,5,3949.25
2004,1004,48,3,2771.88
2005,1004,21,5,744.35
2006,1005,16,4,1495.04
2007,1005,50,3,2108.82
2008,1005,39,1,516.23
2009,1006,45,1,481.13
2010,1006,48,2,1847.92
2011,1007,39,2,1032.46
2012,1008,24,1,704.4
2013,1008,9,5,2251.35
2014,1008,31,4,2862.56
2015,1009,2,3,772.56
2016,1009,3,5,4488.2
2017,1010,23,2,166.22
2018,1010,2,5,1287.6
2019,1011,20,3,1763.61
2020,1011,41,1,959.01
2021,1012,40,5,613.15
2022,1013,36,2,1214.26
2023,1013,21,3,446.61
2024,1013,42,3,109.92
2025,1014,6,3,395.91
2026,1015,33,5,1427.55
2027,1015,32,1,484.7
2028,1015,47,5,4052.75
2029,1016,20,2,1175.74
2030,1016,37,2,884.44
2031,1017,7,5,518.1
2032,1018,31,1,715.64
2033,1018,18,1,139.76
2034,1019,28,5,3733.7
2035,1019,11,4,1396.0
2036,1020,21,4,595.48
2037,1020,38,5,1484.5
2038,1021,18,5,698.8
2039,1021,23,4,332.44
2040,1021,5,2,1270.98
2041,1022,41,4,3836.04
2042,1022,31,2,1431.28
2043,1022,24,5,3522.0
2044,1023,18,4,559.04
2045,1023,9,2,900.54
2046,1024,19,1,781.97
2047,1024,10,2,596.3
2048,1024,20,1,587.87
2049,1025,30,3,2247.45
2050,1026,34,5,3699.7
2051,1026,33,4,1142.04
2052,1027,48,4,3695.84
2053,1028,29,5,3711.55
2054,1028,49,1,19.54
2055,1028,2,5,1287.6
2056,1029,37,4,1768.88
2057,1030,21,4,595.48
2058,1030,42,1,36.64
2059,1030,20,4,2351.48
2060,1031,8,1,287.05
2061,1031,38,3,890.7
2062,1032,39,2,1032.46
2063,1033,43,4,1078.88
2064,1033,2,4,1030.08
2065,1033,36,3,1821.39
2066,1034,6,3,395.91
2067,1034,28,1,746.74
2068,1035,19,1,781.97
2069,1036,43,2,539.44
2070,1036,4,2,97.54
2071,1036,41,4,3836.04
2072,1037,10,3,894.45
2073,1038,15,4,1081.96
2074,1039,30,2,1498.3
2075,1039,20,5,2939.35
2076,1040,23,3,249.33
2077,1040,8,2,574.1
2078,1041,49,2,39.08
2079,1042,37,1,442.22
2080,1042,17,2,1980.72
2081,1043,25,4,3033.92
2082,1044,25,4,3033.92
2083,1044,38,4,1187.6
2084,1044,41,2,1918.02
2085,1045,33,3,856.53
2086,1045,15,4,1081.96
2087,1045,11,3,1047.0
2088,1046,9,2,900.54
2089,1046,25,3,2275.44
2090,1046,36,5,3035.65
2091,1047,32,4,1938.8
2092,1047,32,1,484.7
2093,1048,15,3,811.47
2094,1048,21,1,148.87
2095,1049,41,1,959.01
2096,1049,3,1,897.64
2097,1050,43,2,539.44
2098,1050,44,4,2058.76
2099,1051,41,3,2877.03
2100,1052,23,3,249.33
2101,1052,15,3,811.47
2102,1052,27,4,118.92
2103,1053,47,1,810.55
2104,1054,32,3,1454.1
2105,1055,50,2,1405.88
2106,1056,40,2,245.26
2107,1057,14,2,1849.7
2108,1057,5,4,2541.96
2109,1058,27,3,89.19
2110,1058,16,5,1868.8
2111,1058,50,2,1405.88
2112,1059,31,2,1431.28
2113,1059,12,5,3949.25
2114,1059,12,3,2369.55
2115,1060,8,2,574.1
2116,1061,9,3,1350.81
2117,1061,30,3,2247.45
2118,1062,13,4,3459.44
2119,1062,20,4,2351.48
2120,1063,10,4,1192.6
2121,1064,26,3,2341.41
2122,1064,38,5,1484.5
2123,1065,29,3,2226.93
2124,1066,29,4,2969.24
2125,1066,48,4,3695.84
2126,1066,44,2,1029.38
2127,1067,10,4,1192.6
2128,1067,21,5,744.35
2129,1067,40,3,367.89
2130,1068,4,1,48.77
2131,1069,34,3,2219.82
2132,1069,27,3,89.19
2133,1070,11,2,698.0
2134,1071,32,3,1454.1
2135,1072,20,1,587.87
2136,1072,10,3,894.45
2137,1072,36,4,2428.52
2138,1073,4,2,97.54
2139,1073,19,2,1563.94
2140,1074,1,3,1891.86
2141,1074,21,2,297.74
2142,1075,27,3,89.19
2143,1076,25,1,758.48
2144,1076,34,5,3699.7
2145,1077,39,3,1548.69
2146,1078,8,3,861.15
2147,1078,37,3,1326.66
2148,1079,42,4,146.56
2149,1080,14,5,4624.25
2150,1080,47,3,2431.65
2151,1081,4,2,97.54
2152,1081,3,3,2692.92
2153,1082,13,5,4324.3
2154,1083,38,5,1484.5
2155,1084,43,2,539.44
2156,1085,34,4,2959.76
2157,1086,16,3,1121.28
2158,1086,38,3,890.7
2159,1086,24,4,2817.6
2160,1087,37,3,1326.66
2161,1087,50,5,3514.7
2162,1088,13,2,1729.72
2163,1088,32,1,484.7
2164,1088,44,2,1029.38
2165,1089,37,2,884.44
2166,1089,40,1,122.63
2167,1090,48,5,4619.8
2168,1090,26,1,780.47
2169,1091,11,4,1396.0
2170,1091,21,5,744.35
2171,1092,6,3,395.91
2172,1092,30,3,2247.45
2173,1092,40,1,122.63
2174,1093,40,2,245.26
2175,1093,30,4,2996.6
2176,1094,8,1,287.05
2177,1095,31,2,1431.28
2178,1095,13,1,864.86
2179,1096,42,4,146.56
2180,1097,30,3,2247.45
2181,1097,49,3,58.62
2182,1097,36,3,1821.39
2183,1098,32,1,484.7
2184,1099,40,1,122.63
2185,1099,27,4,118.92
2186,1099,6,2,263.94
2187,1100,12,4,3159.4
2188,1100,49,2,39.08
2189,1101,21,5,744.35
2190,1101,32,5,2423.5
2191,1102,24,5,3522.0
2192,1103,27,3,89.19
2193,1103,46,1,273.64
2194,1103,39,4,2064.92
2195,1104,48,3,2771.88
2196,1105,30,3,2247.45
2197,1105,29,3,2226.93
2198,1106,35,5,730.75
2199,1106,5,5,3177.45
2200,1107,45,3,1443.39
2201,1107,25,1,758.48
2202,1107,40,5,613.15
2203,1108,4,4,195.08
2204,1109,17,3,2971.08
2205,1110,42,3,109.92
2206,1110,26,2,1560.94
2207,1111,47,1,810.55
2208,1112,49,5,97.7
2209,1112,5,3,1906.47
2210,1113,40,3,367.89
2211,1113,37,3,1326.66
2212,1113,6,1,131.97
2213,1114,32,1,484.7
2214,1114,4,3,146.31
2215,1115,6,2,263.94
2216,1115,19,3,2345.91
2217,1115,7,3,310.86
2218,1116,48,2,1847.92
2219,1116,42,1,36.64
2220,1117,44,4,2058.76
2221,1117,21,3,446.61
2222,1117,9,4,1801.08
2223,1118,48,4,3695.84
2224,1118,21,5,744.35
2225,1119,3,3,2692.92
2226,1119,12,5,3949.25
2227,1120,23,4,332.44
2228,1120,38,2,593.8
2229,1120,30,5,3745.75
2230,1121,7,4,414.48
2231,1121,3,5,4488.2
2232,1122,41,4,3836.04
2233,1122,23,5,415.55
2234,1122,22,5,588.15
2235,1123,13,5,4324.3
2236,1123,22,5,588.15
2237,1123,26,5,3902.35
2238,1124,9,3,1350.81
2239,1124,36,3,1821.39
2240,1124,12,5,3949.25
2241,1125,28,2,1493.48
2242,1125,50,3,2108.82
2243,1126,17,3,2971.08
2244,1126,39,1,516.23
2245,1127,14,3,2774.55
2246,1127,26,1,780.47
2247,1127,38,1,296.9
2248,1128,28,3,2240.22
2249,1128,40,4,490.52
2250,1128,46,4,1094.56
2251,1129,23,2,166.22
2252,1130,19,4,3127.88
2253,1131,3,3,2692.92
2254,1131,11,4,1396.0
2255,1132,12,4,3159.4
2256,1133,44,2,1029.38
2257,1134,14,1,924.85
2258,1134,21,2,297.74
2259,1135,17,5,4951.8
2260,1135,26,4,3121.88
2261,1135,29,5,3711.55
2262,1136,32,4,1938.8
2263,1137,14,1,924.85
2264,1137,11,2,698.0
2265,1137,11,1,349.0
2266,1138,18,4,559.04
2267,1138,24,2,1408.8
2268,1139,3,2,1795.28
2269,1139,49,4,78.16
2270,1140,41,4,3836.04
2271,1141,17,2,1980.72
2272,1141,38,1,296.9
2273,1141,25,5,3792.4
2274,1142,36,1,607.13
2275,1142,42,1,36.64
2276,1143,32,1,484.7
2277,1144,29,3,2226.93
2278,1144,39,4,2064.92
2279,1144,9,5,2251.35
2280,1145,1,3,1891.86
2281,1146,42,1,36.64
2282,1147,30,4,2996.6
2283,1147,38,2,593.8
2284,1147,10,5,1490.75
2285,1148,4,4,195.08
2286,1148,41,5,4795.05
2287,1149,17,3,2971.08
2288,1150,20,5,2939.35
2289,1150,35,4,584.6
2290,1151,16,5,1868.8
2291,1152,15,4,1081.96
2292,1152,49,4,78.16
2293,1153,21,3,446.61
2294,1153,50,3,2108.82
2295,1154,41,4,3836.04
2296,1154,49,3,58.62
2297,1154,46,3,820.92
2298,1155,37,5,2211.1
2299,1155,14,3,2774.55
2300,1156,29,1,742.31
2301,1156,16,4,1495.04
2302,1156,21,1,148.87
2303,1157,46,5,1368.2
2304,1157,34,1,739.94
2305,1158,6,1,131.97
2306,1158,3,3,2692.92
2307,1159,5,4,2541.96
2308,1160,19,1,781.97
2309,1160,48,4,3695.84
2310,1160,20,2,1175.74
2311,1161,25,5,3792.4
2312,1161,42,2,73.28
2313,1162,7,2,207.24
2314,1163,31,1,715.64
2315,1163,7,5,518.1
2316,1164,26,5,3902.35
2317,1164,50,4,2811.76
2318,1165,29,4,2969.24
2319,1165,10,2,596.3
2320,1166,26,3,2341.41
2321,1166,31,3,2146.92
2322,1166,46,3,820.92
2323,1167,49,1,19.54
2324,1167,37,4,1768.88
2325,1167,25,5,3792.4
2326,1168,36,3,1821.39
2327,1168,8,2,574.1
2328,1169,23,4,332.44
2329,1169,29,2,1484.62
2330,1169,35,4,584.6
2331,1170,47,1,810.55
2332,1170,33,3,856.53
2333,1171,41,4,3836.04
2334,1172,28,3,2240.22
2335,1173,35,2,292.3
2336,1173,49,3,58.62
2337,1174,5,3,1906.47
2338,1174,43,5,1348.6
2339,1174,46,4,1094.56
2340,1175,25,3,2275.44
2341,1175,39,3,1548.69
2342,1175,41,2,1918.02
2343,1176,28,2,1493.48
2344,1177,19,1,781.97
2345,1177,19,3,2345.91
2346,1178,22,4,470.52
2347,1178,6,1,131.97
2348,1179,17,5,4951.8
2349,1179,43,3,809.16
2350,1180,18,3,419.28
2351,1180,40,1,122.63
2352,1181,4,4,195.08
2353,1181,12,2,1579.7
2354,1181,5,5,3177.45
2355,1182,46,1,273.64
2356,1183,43,3,809.16
2357,1184,15,4,1081.96
2358,1184,38,5,1484.5
2359,1185,27,4,118.92
2360,1186,21,5,744.35
2361,1186,21,4,595.48
2362,1187,5,1,635.49
2363,1187,26,3,2341.41
2364,1188,26,2,1560.94
2365,1188,32,2,969.4
2366,1188,8,5,1435.25
2367,1189,19,5,3909.85
2368,1190,13,3,2594.58
2369,1191,20,1,587.87
2370,1191,45,4,1924.52
2371,1192,46,3,820.92
2372,1193,43,1,269.72
2373,1193,46,4,1094.56
2374,1193,34,5,3699.7
2375,1194,23,1,83.11
2376,1195,37,2,884.44
2377,1195,45,1,481.13
2378,1196,14,4,3699.4
2379,1197,45,2,962.26
2380,1197,50,2,1405.88
2381,1198,35,5,730.75
2382,1198,6,3,395.91
2383,1199,49,4,78.16
2384,1199,10,2,596.3
2385,1199,17,4,3961.44
2386,1200,38,5,1484.5
2387,1200,31,1,715.64
2388,1201,38,1,296.9
2389,1202,22,2,235.26
2390,1202,7,2,207.24
2391,1203,38,1,296.9
2392,1203,30,3,2247.45
2393,1203,33,5,1427.55
2394,1204,31,5,3578.2
2395,1204,21,3,446.61
2396,1205,32,1,484.7
2397,1205,33,4,1142.04
2398,1205,1,2,1261.24
2399,1206,3,1,897.64
2400,1206,40,3,367.89
2401,1207,29,4,2969.24
2402,1208,7,1,103.62
2403,1208,18,3,419.28
2404,1208,30,4,2996.6
2405,1209,6,3,395.91
2406,1209,1,2,1261.24
2407,1210,16,1,373.76
2408,1210,4,2,97.54
2409,1210,1,1,630.62
2410,1211,28,5,3733.7
2411,1212,30,4,2996.6
2412,1213,13,5,4324.3
2413,1213,25,3,2275.44
2414,1213,9,2,900.54
2415,1214,46,1,273.64
2416,1214,41,3,2877.03
2417,1215,50,4,2811.76
2418,1215,30,2,1498.3
2419,1215,23,4,332.44
2420,1216,7,4,414.48
2421,1217,46,4,1094.56
2422,1218,7,3,310.86
2423,1218,48,1,923.96
2424,1218,14,1,924.85
2425,1219,13,1,864.86
2426,1220,17,3,2971.08
2427,1220,14,3,2774.55
2428,1221,11,3,1047.0
2429,1222,18,2,279.52
2430,1222,24,2,1408.8
2431,1223,46,5,1368.2
2432,1223,27,5,148.65
2433,1224,46,2,547.28
2434,1224,13,3,2594.58
2435,1224,8,2,574.1
2436,1225,18,2,279.52
2437,1225,31,4,2862.56
2438,1225,39,4,2064.92
2439,1226,9,3,1350.81
2440,1226,16,5,1868.8
2441,1226,29,2,1484.62
2442,1227,25,4,3033.92
2443,1228,22,5,588.15
2444,1228,19,4,3127.88
2445,1228,30,4,2996.6
2446,1229,36,2,1214.26
2447,1230,10,4,1192.6
2448,1231,20,5,2939.35
2449,1232,13,1,864.86
2450,1232,40,5,613.15
2451,1232,8,1,287.05
2452,1233,13,3,2594.58
2453,1234,23,4,332.44
2454,1235,13,5,4324.3
2455,1236,33,2,571.02
2456,1236,30,3,2247.45
2457,1237,18,4,559.04
2458,1237,30,1,749.15
2459,1238,1,5,3153.1
2460,1238,8,2,574.1
2461,1239,28,3,2240.22
2462,1239,15,5,1352.45
2463,1240,26,3,2341.41
2464,1240,36,3,1821.39
2465,1240,39,4,2064.92
2466,1241,46,4,1094.56
2467,1241,39,3,1548.69
2468,1242,3,5,4488.2
2469,1242,49,3,58.62
2470,1243,1,2,1261.24
2471,1244,38,5,1484.5
2472,1244,41,2,1918.02
2473,1245,28,4,2986.96
2474,1246,19,1,781.97
2475,1246,32,4,1938.8
2476,1246,38,1,296.9
2477,1247,7,2,207.24
2478,1247,9,5,2251.35
2479,1248,10,2,596.3
2480,1248,50,4,2811.76
2481,1249,35,3,438.45
2482,1249,44,3,1544.07
2483,1249,34,4,2959.76
2484,1250,14,4,3699.4
2485,1250,17,2,1980.72
2486,1251,27,2,59.46
2487,1251,35,1,146.15
2488,1252,23,1,83.11
2489,1252,2,5,1287.6
2490,1253,2,3,772.56
2491,1253,9,1,450.27
2492,1254,43,4,1078.88
2493,1254,1,3,1891.86
2494,1255,37,2,884.44
2495,1255,32,1,484.7
2496,1256,44,4,2058.76
2497,1256,17,1,990.36
2498,1256,24,3,2113.2
2499,1257,42,1,36.64
2500,1258,2,1,257.52
2501,1258,39,3,1548.69
2502,1259,18,1,139.76
2503,1259,19,4,3127.88
2504,1259,2,4,1030.08
2505,1260,35,5,730.75
2506,1260,34,2,1479.88
2507,1260,42,1,36.64
2508,1261,25,1,758.48
2509,1261,20,5,2939.35
2510,1261,48,5,4619.8
2511,1262,50,4,2811.76
2512,1262,19,2,1563.94
2513,1262,26,2,1560.94
2514,1263,33,1,285.51
2515,1263,26,2,1560.94
2516,1264,50,4,2811.76
2517,1264,48,1,923.96
2518,1265,43,4,1078.88
2519,1265,5,5,3177.45
2520,1266,9,4,1801.08
2521,1267,23,4,332.44
2522,1267,18,3,419.28
2523,1267,4,4,195.08
2524,1268,20,2,1175.74
2525,1268,11,1,349.0
2526,1268,33,3,856.53
2527,1269,48,1,923.96
2528,1269,30,1,749.15
2529,1270,50,3,2108.82
2530,1270,21,2,297.74
2531,1270,22,4,470.52
2532,1271,16,4,1495.04
2533,1271,10,4,1192.6
2534,1272,40,2,245.26
2535,1272,43,3,809.16
2536,1273,12,3,2369.55
2537,1273,40,2,245.26
2538,1274,30,5,3745.75
2539,1275,40,3,367.89
2540,1276,28,3,2240.22
2541,1276,14,5,4624.25
2542,1277,44,2,1029.38
2543,1277,33,4,1142.04
2544,1278,27,4,118.92
2545,1278,12,3,2369.55
2546,1279,26,2,1560.94
2547,1280,22,1,117.63
2548,1281,21,2,297.74
2549,1281,23,2,166.22
2550,1281,15,5,1352.45
2551,1282,40,3,367.89
2552,1283,37,5,2211.1
2553,1284,42,4,146.56
2554,1285,32,5,2423.5
2555,1285,16,5,1868.8
2556,1285,4,5,243.85
2557,1286,25,4,3033.92
2558,1286,2,3,772.56
2559,1287,21,5,744.35
2560,1287,14,1,924.85
2561,1287,37,5,2211.1
2562,1288,24,1,704.4
2563,1289,39,4,2064.92
2564,1289,9,5,2251.35
2565,1289,36,1,607.13
2566,1290,19,3,2345.91
2567,1290,20,4,2351.48
2568,1290,29,4,2969.24
2569,1291,42,4,146.56
2570,1291,35,1,146.15
2571,1291,23,5,415.55
2572,1292,1,1,630.62
2573,1292,30,5,3745.75
2574,1293,46,2,547.28
2575,1294,2,2,515.04
2576,1294,1,4,2522.48
2577,1295,43,3,809.16
2578,1296,11,4,1396.0
2579,1296,50,1,702.94
2580,1297,5,3,1906.47
2581,1297,4,4,195.08
2582,1298,39,2,1032.46
2583,1298,24,3,2113.2
2584,1298,45,5,2405.65
2585,1299,48,5,4619.8
2586,1299,24,3,2113.2
2587,1300,24,2,1408.8
2588,1301,17,1,990.36
2589,1301,50,3,2108.82
2590,1301,31,2,1431.28
2591,1302,29,3,2226.93
2592,1302,39,4,2064.92
2593,1303,31,3,2146.92
2594,1303,6,5,659.85
2595,1304,50,2,1405.88
2596,1304,50,1,702.94
2597,1304,41,5,4795.05
2598,1305,27,1,29.73
2599,1305,43,1,269.72
2600,1306,8,1,287.05
2601,1306,48,5,4619.8
2602,1306,11,4,1396.0
2603,1307,42,5,183.2
2604,1308,4,1,48.77
2605,1308,4,4,195.08
2606,1308,8,3,861.15
2607,1309,3,1,897.64
2608,1309,32,1,484.7
2609,1309,10,1,298.15
2610,1310,48,3,2771.88
2611,1311,18,5,698.8
2612,1312,46,3,820.92
2613,1312,7,4,414.48
2614,1312,24,5,3522.0
2615,1313,4,4,195.08
2616,1313,16,1,373.76
2617,1313,5,5,3177.45
2618,1314,49,2,39.08
2619,1315,36,4,2428.52
2620,1316,50,2,1405.88
2621,1316,25,2,1516.96
2622,1316,38,1,296.9
2623,1317,36,1,607.13
2624,1318,29,3,2226.93
2625,1318,17,4,3961.44
2626,1319,3,4,3590.56
2627,1319,9,1,450.27
2628,1320,47,5,4052.75
2629,1320,19,5,3909.85
2630,1320,2,5,1287.6
2631,1321,39,5,2581.15
2632,1321,12,2,1579.7
2633,1322,43,3,809.16
2634,1323,44,2,1029.38
2635,1323,31,3,2146.92
2636,1323,10,1,298.15
2637,1324,3,3,2692.92
2638,1324,26,2,1560.94
2639,1325,1,2,1261.24
2640,1326,44,4,2058.76
2641,1326,36,5,3035.65
2642,1326,41,3,2877.03
2643,1327,9,2,900.54
2644,1328,45,3,1443.39
2645,1328,27,1,29.73
2646,1329,47,5,4052.75
2647,1329,28,1,746.74
2648,1330,19,5,3909.85
2649,1330,4,4,195.08
2650,1330,19,1,781.97
2651,1331,13,4,3459.44
2652,1332,6,4,527.88
2653,1332,5,2,1270.98
2654,1332,16,5,1868.8
2655,1333,12,5,3949.25
2656,1333,49,4,78.16
2657,1333,36,4,2428.52
2658,1334,17,2,1980.72
2659,1335,3,1,897.64
2660,1336,46,5,1368.2
2661,1336,36,2,1214.26
2662,1337,3,1,897.64
2663,1337,28,5,3733.7
2664,1337,37,3,1326.66
2665,1338,49,3,58.62
2666,1338,12,3,2369.55
2667,1339,44,4,2058.76
2668,1340,43,3,809.16
2669,1341,47,5,4052.75
2670,1342,41,1,959.01
2671,1343,21,1,148.87
2672,1343,2,1,257.52
2673,1343,29,3,2226.93
2674,1344,6,5,659.85
2675,1345,23,2,166.22
2676,1345,31,4,2862.56
2677,1345,46,1,273.64
2678,1346,4,3,146.31
2679,1347,25,3,2275.44
2680,1347,40,1,122.63
2681,1348,21,1,148.87
2682,1349,28,3,2240.22
2683,1349,29,2,1484.62
2684,1349,13,1,864.86
2685,1350,40,3,367.89
2686,1351,17,4,3961.44
2687,1352,14,5,4624.25
2688,1352,40,5,613.15
2689,1353,35,2,292.3
2690,1353,13,1,864.86
2691,1354,30,2,1498.3
2692,1355,39,2,1032.46
2693,1355,11,5,1745.0
2694,1355,9,1,450.27
2695,1356,31,3,2146.92
2696,1357,24,5,3522.0
2697,1357,31,5,3578.2
2698,1358,8,5,1435.25
2699,1358,34,3,2219.82
2700,1359,25,2,1516.96
2701,1359,24,5,3522.0
2702,1360,15,4,1081.96
2703,1360,48,3,2771.88
2704,1360,4,1,48.77
2705,1361,26,1,780.47
2706,1361,30,5,3745.75
2707,1361,2,1,257.52
2708,1362,34,5,3699.7
2709,1363,2,3,772.56
2710,1363,21,2,297.74
2711,1363,50,4,2811.76
2712,1364,14,3,2774.55
2713,1364,27,1,29.73
2714,1364,30,1,749.15
2715,1365,23,3,249.33
2716,1365,8,5,1435.25
2717,1366,42,3,109.92
2718,1366,34,5,3699.7
2719,1366,48,2,1847.92
2720,1367,18,4,559.04
2721,1367,29,5,3711.55
2722,1367,17,5,4951.8
2723,1368,11,3,1047.0
2724,1368,23,2,166.22
2725,1368,40,1,122.63
2726,1369,19,4,3127.88
2727,1370,34,5,3699.7
2728,1371,47,1,810.55
2729,1371,26,5,3902.35
2730,1371,34,2,1479.88
2731,1372,46,5,1368.2
2732,1372,30,5,3745.75
2733,1373,39,4,2064.92
2734,1374,37,4,1768.88
2735,1375,33,1,285.51
2736,1375,37,4,1768.88
2737,1375,38,1,296.9
2738,1376,5,4,2541.96
2739,1376,1,4,2522.48
2740,1376,5,5,3177.45
2741,1377,33,2,571.02
2742,1377,8,4,1148.2
2743,1377,43,5,1348.6
2744,1378,35,1,146.15
2745,1379,7,2,207.24
2746,1379,33,1,285.51
2747,1380,11,5,1745.0
2748,1380,15,2,540.98
2749,1380,48,2,1847.92
2750,1381,45,1,481.13
2751,1382,29,4,2969.24
2752,1382,19,1,781.97
2753,1383,46,2,547.28
2754,1384,29,2,1484.62
2755,1385,42,4,146.56
2756,1386,3,2,1795.28
2757,1387,2,4,1030.08
2758,1388,22,3,352.89
2759,1389,26,5,3902.35
2760,1390,12,2,1579.7
2761,1390,28,5,3733.7
2762,1390,10,1,298.15
2763,1391,28,2,1493.48
2764,1391,31,4,2862.56
2765,1391,40,4,490.52
2766,1392,29,3,2226.93
2767,1392,42,1,36.64
2768,1393,43,2,539.44
2769,1393,34,5,3699.7
2770,1393,6,5,659.85
2771,1394,33,3,856.53
2772,1395,50,2,1405.88
2773,1396,39,5,2581.15
2774,1396,47,2,1621.1
2775,1397,33,5,1427.55
2776,1397,15,4,1081.96
2777,1398,26,4,3121.88
2778,1398,8,2,574.1
2779,1399,12,1,789.85
2780,1399,6,2,263.94
2781,1399,46,3,820.92
2782,1400,19,5,3909.85
2783,1400,23,4,332.44
2784,1400,37,1,442.22
2785,1401,39,2,1032.46
2786,1402,3,3,2692.92
2787,1402,11,2,698.0
2788,1402,14,3,2774.55
2789,1403,30,2,1498.3
2790,1404,36,2,1214.26
2791,1404,20,2,1175.74
2792,1405,32,1,484.7
2793,1406,13,1,864.86
2794,1407,42,2,73.28
2795,1408,34,1,739.94
2796,1408,43,1,269.72
2797,1409,16,4,1495.04
2798,1410,35,5,730.75
2799,1410,40,3,367.89
2800,1411,35,4,584.6
2801,1411,5,4,2541.96
2802,1412,40,3,367.89
2803,1413,12,1,789.85
2804,1413,50,2,1405.88
2805,1413,23,1,83.11
2806,1414,8,4,1148.2
2807,1414,6,5,659.85
2808,1414,41,2,1918.02
2809,1415,36,4,2428.52
2810,1415,16,1,373.76
2811,1416,10,5,1490.75
2812,1416,6,4,527.88
2813,1417,15,1,270.49
2814,1417,50,5,3514.7
2815,1418,9,2,900.54
2816,1419,21,4,595.48
2817,1419,5,1,635.49
2818,1419,35,5,730.75
2819,1420,30,1,749.15
2820,1420,35,4,584.6
2821,1421,16,4,1495.04
2822,1422,9,1,450.27
2823,1422,43,5,1348.6
2824,1422,17,3,2971.08
2825,1423,43,4,1078.88
2826,1423,21,5,744.35
2827,1424,1,1,630.62
2828,1425,43,2,539.44
2829,1426,40,3,367.89
2830,1427,28,1,746.74
2831,1428,42,1,36.64
2832,1428,16,4,1495.04
2833,1429,49,2,39.08
2834,1430,5,2,1270.98
2835,1431,50,5,3514.7
2836,1431,12,5,3949.25
2837,1432,24,3,2113.2
2838,1433,11,4,1396.0
2839,1433,31,2,1431.28
2840,1433,37,3,1326.66
2841,1434,44,3,1544.07
2842,1434,33,4,1142.04
2843,1434,14,3,2774.55
2844,1435,19,2,1563.94
2845,1436,2,1,257.52
2846,1436,2,2,515.04
2847,1437,37,5,2211.1
2848,1438,9,1,450.27
2849,1438,15,5,1352.45
2850,1438,18,4,559.04
2851,1439,26,5,3902.35
2852,1440,5,1,635.49
2853,1440,26,1,780.47
2854,1440,7,1,103.62
2855,1441,32,2,969.4
2856,1442,17,2,1980.72
2857,1442,39,4,2064.92
2858,1442,46,5,1368.2
2859,1443,25,2,1516.96
2860,1444,44,2,1029.38
2861,1444,3,5,4488.2
2862,1445,36,1,607.13
2863,1445,21,2,297.74
2864,1446,4,3,146.31
2865,1447,42,3,109.92
2866,1447,3,1,897.64
2867,1448,33,3,856.53
2868,1448,20,2,1175.74
2869,1448,10,4,1192.6
2870,1449,11,3,1047.0
2871,1449,22,1,117.63
2872,1450,23,4,332.44
2873,1450,21,3,446.61
2874,1450,10,1,298.15
2875,1451,42,3,109.92
2876,1451,10,1,298.15
2877,1452,19,1,781.97
2878,1452,43,1,269.72
2879,1453,27,4,118.92
2880,1453,23,3,249.33
2881,1453,29,5,3711.55
2882,1454,5,4,2541.96
2883,1454,37,5,2211.1
2884,1455,45,2,962.26
2885,1456,18,2,279.52
2886,1456,20,4,2351.48
2887,1457,35,3,438.45
2888,1457,1,3,1891.86
2889,1457,23,2,166.22
2890,1458,14,5,4624.25
2891,1458,12,4,3159.4
2892,1459,36,3,1821.39
2893,1460,7,3,310.86
2894,1460,31,1,715.64
2895,1460,30,4,2996.6
2896,1461,25,2,1516.96
2897,1462,38,1,296.9
2898,1462,31,5,3578.2
2899,1462,13,3,2594.58
2900,1463,17,5,4951.8
2901,1463,21,5,744.35
2902,1464,34,3,2219.82
2903,1464,12,5,3949.25
2904,1464,20,5,2939.35
2905,1465,49,4,78.16
2906,1465,25,3,2275.44
2907,1466,17,4,3961.44
2908,1466,1,5,3153.1
2909,1467,9,1,450.27
2910,1467,37,1,442.22
2911,1467,14,3,2774.55
2912,1468,34,3,2219.82
2913,1468,5,2,1270.98
2914,1469,47,3,2431.65
2915,1470,14,1,924.85
2916,1470,49,4,78.16
2917,1470,18,4,559.04
2918,1471,36,1,607.13
2919,1471,26,4,3121.88
2920,1472,19,3,2345.91
2921,1472,6,4,527.88
2922,1473,45,1,481.13
2923,1474,22,5,588.15
2924,1474,20,2,1175.74
2925,1474,12,2,1579.7
2926,1475,12,1,789.85
2927,1475,24,1,704.4
2928,1476,6,1,131.97
2929,1477,16,5,1868.8
2930,1478,1,2,1261.24
2931,1479,30,3,2247.45
2932,1480,20,3,1763.61
2933,1480,8,4,1148.2
2934,1480,31,3,2146.92
2935,1481,23,3,249.33
2936,1482,6,2,263.94
2937,1482,50,2,1405.88
2938,1482,9,4,1801.08
2939,1483,7,3,310.86
2940,1484,19,5,3909.85
2941,1484,33,5,1427.55
2942,1485,30,5,3745.75
2943,1486,24,3,2113.2
2944,1486,26,2,1560.94
2945,1486,10,3,894.45
2946,1487,18,5,698.8
2947,1487,38,3,890.7
2948,1487,38,4,1187.6
2949,1488,6,1,131.97
2950,1488,23,2,166.22
2951,1488,39,5,2581.15
2952,1489,48,3,2771.88
2953,1490,23,4,332.44
2954,1490,18,4,559.04
2955,1491,38,1,296.9
2956,1492,30,4,2996.6
2957,1493,11,5,1745.0
2958,1494,1,3,1891.86
2959,1495,20,3,1763.61
2960,1495,16,3,1121.28
2961,1496,40,2,245.26
2962,1496,34,5,3699.7
2963,1497,1,4,2522.48
2964,1497,28,3,2240.22
2965,1498,4,3,146.31
2966,1498,7,5,518.1
2967,1498,43,5,1348.6
2968,1499,49,4,78.16
2969,1500,42,3,109.92
2970,1500,22,4,470.52
